[{"model": "contenttypes.contenttype", "pk": 1, "fields": {"app_label": "admin", "model": "logentry"}}, {"model": "contenttypes.contenttype", "pk": 2, "fields": {"app_label": "auth", "model": "permission"}}, {"model": "contenttypes.contenttype", "pk": 3, "fields": {"app_label": "auth", "model": "group"}}, {"model": "contenttypes.contenttype", "pk": 4, "fields": {"app_label": "contenttypes", "model": "contenttype"}}, {"model": "contenttypes.contenttype", "pk": 5, "fields": {"app_label": "sessions", "model": "session"}}, {"model": "contenttypes.contenttype", "pk": 6, "fields": {"app_label": "sites", "model": "site"}}, {"model": "contenttypes.contenttype", "pk": 7, "fields": {"app_label": "authtoken", "model": "token"}}, {"model": "contenttypes.contenttype", "pk": 8, "fields": {"app_label": "account", "model": "emailaddress"}}, {"model": "contenttypes.contenttype", "pk": 9, "fields": {"app_label": "account", "model": "emailconfirmation"}}, {"model": "contenttypes.contenttype", "pk": 10, "fields": {"app_label": "socialaccount", "model": "socialaccount"}}, {"model": "contenttypes.contenttype", "pk": 11, "fields": {"app_label": "socialaccount", "model": "socialapp"}}, {"model": "contenttypes.contenttype", "pk": 12, "fields": {"app_label": "socialaccount", "model": "socialtoken"}}, {"model": "contenttypes.contenttype", "pk": 13, "fields": {"app_label": "accounts", "model": "customuser"}}, {"model": "contenttypes.contenttype", "pk": 14, "fields": {"app_label": "menu", "model": "category"}}, {"model": "contenttypes.contenttype", "pk": 15, "fields": {"app_label": "menu", "model": "creditcard"}}, {"model": "contenttypes.contenttype", "pk": 16, "fields": {"app_label": "menu", "model": "discount"}}, {"model": "contenttypes.contenttype", "pk": 17, "fields": {"app_label": "menu", "model": "extra"}}, {"model": "contenttypes.contenttype", "pk": 18, "fields": {"app_label": "menu", "model": "fooditem"}}, {"model": "contenttypes.contenttype", "pk": 19, "fields": {"app_label": "menu", "model": "menu"}}, {"model": "contenttypes.contenttype", "pk": 20, "fields": {"app_label": "menu", "model": "problem"}}, {"model": "contenttypes.contenttype", "pk": 21, "fields": {"app_label": "menu", "model": "tag"}}, {"model": "contenttypes.contenttype", "pk": 22, "fields": {"app_label": "menu", "model": "transaction"}}, {"model": "contenttypes.contenttype", "pk": 23, "fields": {"app_label": "menu", "model": "transactionfooditem"}}, {"model": "contenttypes.contenttype", "pk": 24, "fields": {"app_label": "menu", "model": "assistance"}}, {"model": "sites.site", "pk": 1, "fields": {"domain": "example.com", "name": "example.com"}}, {"model": "menu.menu", "pk": 1, "fields": {"name": "Cafe Menu", "active": true}}, {"model": "menu.category", "pk": 1, "fields": {"name": "Hot Drinks", "active": true, "menu": 1}}, {"model": "menu.category", "pk": 2, "fields": {"name": "Cold Drinks", "active": true, "menu": 1}}, {"model": "menu.category", "pk": 3, "fields": {"name": "Breakfast", "active": true, "menu": 1}}, {"model": "menu.category", "pk": 4, "fields": {"name": "Sandwiches", "active": false, "menu": 1}}, {"model": "menu.extra", "pk": 1, "fields": {"name": "Skim Milk", "active": true, "price": "0.25", "category": 1}}, {"model": "menu.extra", "pk": 2, "fields": {"name": "Soy Milk", "active": true, "price": "0.50", "category": 1}}, {"model": "menu.extra", "pk": 3, "fields": {"name": "Almond Milk", "active": true, "price": "0.50", "category": 1}}, {"model": "menu.extra", "pk": 4, "fields": {"name": "Skim Milk", "active": true, "price": "0.25", "category": 2}}, {"model": "menu.extra", "pk": 5, "fields": {"name": "Soy Milk", "active": true, "price": "0.50", "category": 2}}, {"model": "menu.extra", "pk": 6, "fields": {"name": "Almond Milk", "active": true, "price": "0.50", "category": 2}}, {"model": "menu.extra", "pk": 7, "fields": {"name": "Dairy Free Icecream", "active": true, "price": "1.00", "category": 2}}, {"model": "menu.extra", "pk": 8, "fields": {"name": "Gluten free bread", "active": true, "price": "2.00", "category": 3}}, {"model": "menu.extra", "pk": 9, "fields": {"name": "Extra slice of toast", "active": true, "price": "1.00", "category": 3}}, {"model": "menu.extra", "pk": 10, "fields": {"name": "Extra egg", "active": true, "price": "2.00", "category": 3}}, {"model": "menu.extra", "pk": 11, "fields": {"name": "Hollandaise sauce", "active": true, "price": "2.00", "category": 3}}, {"model": "menu.extra", "pk": 12, "fields": {"name": "Haloumi", "active": true, "price": "3.00", "category": 3}}, {"model": "menu.extra", "pk": 13, "fields": {"name": "Bacon", "active": true, "price": "3.00", "category": 3}}, {"model": "menu.extra", "pk": 14, "fields": {"name": "Avo", "active": true, "price": "3.00", "category": 3}}, {"model": "menu.extra", "pk": 15, "fields": {"name": "Wilted spinnach", "active": false, "price": "3.00", "category": 3}}, {"model": "menu.extra", "pk": 16, "fields": {"name": "Grilled mushrooms", "active": false, "price": "3.00", "category": 3}}, {"model": "menu.extra", "pk": 17, "fields": {"name": "Gluten free bread", "active": true, "price": "2.00", "category": 4}}, {"model": "menu.extra", "pk": 18, "fields": {"name": "Extra avo", "active": true, "price": "3.00", "category": 4}}, {"model": "menu.extra", "pk": 19, "fields": {"name": "Extra haloumi", "active": true, "price": "3.00", "category": 4}}, {"model": "menu.extra", "pk": 20, "fields": {"name": "Extra bacon", "active": true, "price": "3.00", "category": 4}}, {"model": "menu.fooditem", "pk": 1, "fields": {"name": "Espresso", "active": true, "price": "3.00", "description": "", "category": 1, "size": "", "tags": []}}, {"model": "menu.fooditem", "pk": 2, "fields": {"name": "Latte", "active": true, "price": "3.50", "description": "", "category": 1, "size": "SMALL", "tags": []}}, {"model": "menu.fooditem", "pk": 3, "fields": {"name": "Latte", "active": true, "price": "4.00", "description": "", "category": 1, "size": "MEDIUM", "tags": []}}, {"model": "menu.fooditem", "pk": 4, "fields": {"name": "Latte", "active": true, "price": "4.50", "description": "", "category": 1, "size": "LARGE", "tags": []}}, {"model": "menu.fooditem", "pk": 5, "fields": {"name": "Cappuccino", "active": true, "price": "3.50", "description": "", "category": 1, "size": "SMALL", "tags": []}}, {"model": "menu.fooditem", "pk": 6, "fields": {"name": "Cappuccino", "active": true, "price": "4.00", "description": "", "category": 1, "size": "MEDIUM", "tags": []}}, {"model": "menu.fooditem", "pk": 7, "fields": {"name": "Cappuccino", "active": true, "price": "4.50", "description": "", "category": 1, "size": "LARGE", "tags": []}}, {"model": "menu.fooditem", "pk": 8, "fields": {"name": "Hot Chocolate", "active": true, "price": "3.50", "description": "", "category": 1, "size": "SMALL", "tags": []}}, {"model": "menu.fooditem", "pk": 9, "fields": {"name": "Hot Chocolate", "active": true, "price": "4.00", "description": "", "category": 1, "size": "MEDIUM", "tags": []}}, {"model": "menu.fooditem", "pk": 10, "fields": {"name": "Hot Chocolate", "active": true, "price": "4.50", "description": "", "category": 1, "size": "LARGE", "tags": []}}, {"model": "menu.fooditem", "pk": 11, "fields": {"name": "Mocha", "active": true, "price": "3.50", "description": "", "category": 1, "size": "SMALL", "tags": []}}, {"model": "menu.fooditem", "pk": 12, "fields": {"name": "Mocha", "active": true, "price": "4.00", "description": "", "category": 1, "size": "MEDIUM", "tags": []}}, {"model": "menu.fooditem", "pk": 13, "fields": {"name": "Mocha", "active": true, "price": "4.50", "description": "", "category": 1, "size": "LARGE", "tags": []}}, {"model": "menu.fooditem", "pk": 14, "fields": {"name": "Chai Latte", "active": true, "price": "4.20", "description": "", "category": 1, "size": "", "tags": []}}, {"model": "menu.fooditem", "pk": 15, "fields": {"name": "Iced Coffee", "active": true, "price": "7.00", "description": "With icecream", "category": 2, "size": "", "tags": []}}, {"model": "menu.fooditem", "pk": 16, "fields": {"name": "Iced Chocolate", "active": true, "price": "7.00", "description": "With icecream", "category": 2, "size": "", "tags": []}}, {"model": "menu.fooditem", "pk": 17, "fields": {"name": "Chocolate Milkshake", "active": true, "price": "5.00", "description": "", "category": 2, "size": "SMALL", "tags": []}}, {"model": "menu.fooditem", "pk": 18, "fields": {"name": "Chocolate Milkshake", "active": true, "price": "6.00", "description": "", "category": 2, "size": "MEDIUM", "tags": []}}, {"model": "menu.fooditem", "pk": 19, "fields": {"name": "Chocolate Milkshake", "active": true, "price": "7.00", "description": "", "category": 2, "size": "LARGE", "tags": []}}, {"model": "menu.fooditem", "pk": 20, "fields": {"name": "Vanilla Milkshake", "active": false, "price": "5.00", "description": "", "category": 2, "size": "SMALL", "tags": []}}, {"model": "menu.fooditem", "pk": 21, "fields": {"name": "Vanilla Milkshake", "active": false, "price": "6.00", "description": "", "category": 2, "size": "MEDIUM", "tags": []}}, {"model": "menu.fooditem", "pk": 22, "fields": {"name": "Vanilla Milkshake", "active": false, "price": "7.00", "description": "", "category": 2, "size": "LARGE", "tags": []}}, {"model": "menu.fooditem", "pk": 23, "fields": {"name": "Strawberry Milkshake", "active": true, "price": "5.00", "description": "", "category": 2, "size": "SMALL", "tags": []}}, {"model": "menu.fooditem", "pk": 24, "fields": {"name": "Strawberry Milkshake", "active": true, "price": "6.00", "description": "", "category": 2, "size": "MEDIUM", "tags": []}}, {"model": "menu.fooditem", "pk": 25, "fields": {"name": "Strawberry Milkshake", "active": true, "price": "7.00", "description": "", "category": 2, "size": "LARGE", "tags": []}}, {"model": "menu.fooditem", "pk": 26, "fields": {"name": "Banana Smoothie", "active": true, "price": "8.00", "description": "Banana, honey, coconut yoghurt & coconut milk", "category": 2, "size": "", "tags": []}}, {"model": "menu.fooditem", "pk": 27, "fields": {"name": "Toast", "active": true, "price": "6.50", "description": "Sourdough toast with with Vegemite and butter", "category": 3, "size": "", "tags": []}}, {"model": "menu.fooditem", "pk": 28, "fields": {"name": "Pancakes", "active": true, "price": "11.60", "description": "Buttermilk pancakes with maple syrup, banana and strawberries", "category": 3, "size": "", "tags": []}}, {"model": "menu.fooditem", "pk": 29, "fields": {"name": "Scrambled Eggs", "active": true, "price": "7.50", "description": "With sourdough toast", "category": 3, "size": "", "tags": []}}, {"model": "menu.fooditem", "pk": 30, "fields": {"name": "Poached eggs", "active": false, "price": "7.50", "description": "With sourdough toast", "category": 3, "size": "", "tags": []}}, {"model": "menu.fooditem", "pk": 31, "fields": {"name": "Breakfast Sandwich", "active": true, "price": "12.00", "description": "Lettuce, bacon, avo, fried egg and hollandaise sauce on a brioche bun", "category": 3, "size": "", "tags": []}}, {"model": "menu.fooditem", "pk": 32, "fields": {"name": "Granola Bowl", "active": true, "price": "14.50", "description": "Housemade almond, honey & berry granola with seasonal fresh fruit and blackberry coconut yoghurt", "category": 3, "size": "", "tags": []}}, {"model": "menu.fooditem", "pk": 33, "fields": {"name": "Fresh Fruit Salad", "active": true, "price": "9.00", "description": "Seasonal fresh fruit served with a blackberry coconut yoghurt", "category": 3, "size": "", "tags": []}}, {"model": "menu.fooditem", "pk": 34, "fields": {"name": "BLT", "active": true, "price": "10.00", "description": "Bacon, lettuce & tomato on sourdough bread", "category": 4, "size": "", "tags": []}}, {"model": "menu.fooditem", "pk": 35, "fields": {"name": "Haloumi Wrap", "active": true, "price": "11.00", "description": "Grilled haloumi with roast vegetables and tahini yoghurt in a spinnach wrap", "category": 4, "size": "", "tags": []}}, {"model": "menu.fooditem", "pk": 36, "fields": {"name": "Tuna Sandwich", "active": true, "price": "11.00", "description": "Tuna and dill mayo sandwich with pickled cabbage & rocket", "category": 4, "size": "", "tags": []}}, {"model": "menu.fooditem", "pk": 37, "fields": {"name": "Chilli Chicken Sandwich", "active": true, "price": "12.00", "description": "Poached chicken, chilli mayo, tomato and rocket on sourdough", "category": 4, "size": "", "tags": []}}, {"model": "menu.discount", "pk": 1, "fields": {"name": "0%", "amount": 0, "type": "PERCENTAGE"}}, {"model": "menu.discount", "pk": 2, "fields": {"name": "10%", "amount": 10, "type": "PERCENTAGE"}}, {"model": "menu.discount", "pk": 3, "fields": {"name": "20%", "amount": 20, "type": "PERCENTAGE"}}, {"model": "menu.discount", "pk": 4, "fields": {"name": "30%", "amount": 30, "type": "PERCENTAGE"}}, {"model": "menu.discount", "pk": 5, "fields": {"name": "40%", "amount": 40, "type": "PERCENTAGE"}}, {"model": "menu.creditcard", "pk": 1, "fields": {"number": 1234123412341231, "expiry_month": 1, "expiry_year": 2021, "cvv": 121}}, {"model": "menu.creditcard", "pk": 2, "fields": {"number": 1234123412341232, "expiry_month": 2, "expiry_year": 2022, "cvv": 122}}, {"model": "menu.creditcard", "pk": 3, "fields": {"number": 1234123412341233, "expiry_month": 3, "expiry_year": 2023, "cvv": 123}}, {"model": "menu.creditcard", "pk": 4, "fields": {"number": 1234123412341234, "expiry_month": 4, "expiry_year": 2024, "cvv": 124}}, {"model": "menu.creditcard", "pk": 5, "fields": {"number": 1234123412341235, "expiry_month": 5, "expiry_year": 2025, "cvv": 125}}, {"model": "menu.transactionfooditem", "pk": 1, "fields": {"food_item": 17, "transaction": 1, "discount": 1, "price": null, "request": null, "extras": [4]}}, {"model": "menu.transactionfooditem", "pk": 2, "fields": {"food_item": 6, "transaction": 1, "discount": 1, "price": null, "request": null, "extras": [1]}}, {"model": "menu.transactionfooditem", "pk": 3, "fields": {"food_item": 25, "transaction": 2, "discount": 1, "price": null, "request": null, "extras": [4]}}, {"model": "menu.transactionfooditem", "pk": 4, "fields": {"food_item": 19, "transaction": 2, "discount": 1, "price": null, "request": null, "extras": [6]}}, {"model": "menu.transactionfooditem", "pk": 5, "fields": {"food_item": 32, "transaction": 3, "discount": 1, "price": null, "request": null, "extras": [11]}}, {"model": "menu.transactionfooditem", "pk": 6, "fields": {"food_item": 1, "transaction": 3, "discount": 1, "price": null, "request": null, "extras": [1]}}, {"model": "menu.transactionfooditem", "pk": 7, "fields": {"food_item": 2, "transaction": 3, "discount": 1, "price": null, "request": null, "extras": [2]}}, {"model": "menu.transactionfooditem", "pk": 8, "fields": {"food_item": 16, "transaction": 3, "discount": 1, "price": null, "request": null, "extras": [6]}}, {"model": "menu.transactionfooditem", "pk": 9, "fields": {"food_item": 31, "transaction": 3, "discount": 1, "price": null, "request": null, "extras": [14]}}, {"model": "menu.transactionfooditem", "pk": 10, "fields": {"food_item": 3, "transaction": 4, "discount": 1, "price": null, "request": null, "extras": [3]}}, {"model": "menu.transactionfooditem", "pk": 11, "fields": {"food_item": 19, "transaction": 4, "discount": 1, "price": null, "request": null, "extras": [4]}}, {"model": "menu.transactionfooditem", "pk": 12, "fields": {"food_item": 6, "transaction": 4, "discount": 1, "price": null, "request": null, "extras": [3]}}, {"model": "menu.transactionfooditem", "pk": 13, "fields": {"food_item": 33, "transaction": 5, "discount": 1, "price": null, "request": null, "extras": [10]}}, {"model": "menu.transactionfooditem", "pk": 14, "fields": {"food_item": 2, "transaction": 5, "discount": 1, "price": null, "request": null, "extras": [1]}}, {"model": "menu.transactionfooditem", "pk": 15, "fields": {"food_item": 15, "transaction": 5, "discount": 1, "price": null, "request": null, "extras": [4]}}, {"model": "menu.transactionfooditem", "pk": 16, "fields": {"food_item": 25, "transaction": 6, "discount": 1, "price": null, "request": null, "extras": [5]}}, {"model": "menu.transactionfooditem", "pk": 17, "fields": {"food_item": 23, "transaction": 6, "discount": 1, "price": null, "request": null, "extras": [6]}}, {"model": "menu.transactionfooditem", "pk": 18, "fields": {"food_item": 17, "transaction": 7, "discount": 1, "price": null, "request": null, "extras": [6]}}, {"model": "menu.transactionfooditem", "pk": 19, "fields": {"food_item": 13, "transaction": 8, "discount": 1, "price": null, "request": null, "extras": [2]}}, {"model": "menu.transactionfooditem", "pk": 20, "fields": {"food_item": 6, "transaction": 8, "discount": 1, "price": null, "request": null, "extras": [3]}}, {"model": "menu.transactionfooditem", "pk": 21, "fields": {"food_item": 31, "transaction": 8, "discount": 1, "price": null, "request": null, "extras": [10, 14]}}, {"model": "menu.transactionfooditem", "pk": 22, "fields": {"food_item": 33, "transaction": 9, "discount": 1, "price": null, "request": null, "extras": [9]}}, {"model": "menu.transactionfooditem", "pk": 23, "fields": {"food_item": 26, "transaction": 9, "discount": 1, "price": null, "request": null, "extras": [6]}}, {"model": "menu.transactionfooditem", "pk": 24, "fields": {"food_item": 4, "transaction": 9, "discount": 1, "price": null, "request": null, "extras": [1]}}, {"model": "menu.transactionfooditem", "pk": 25, "fields": {"food_item": 17, "transaction": 9, "discount": 1, "price": null, "request": null, "extras": [5]}}, {"model": "menu.transactionfooditem", "pk": 26, "fields": {"food_item": 25, "transaction": 10, "discount": 1, "price": null, "request": null, "extras": [4]}}, {"model": "menu.transactionfooditem", "pk": 27, "fields": {"food_item": 10, "transaction": 10, "discount": 1, "price": null, "request": null, "extras": [2]}}, {"model": "menu.transactionfooditem", "pk": 28, "fields": {"food_item": 9, "transaction": 10, "discount": 1, "price": null, "request": null, "extras": [1]}}, {"model": "menu.transactionfooditem", "pk": 29, "fields": {"food_item": 7, "transaction": 11, "discount": 1, "price": null, "request": null, "extras": [3]}}, {"model": "menu.transactionfooditem", "pk": 30, "fields": {"food_item": 14, "transaction": 12, "discount": 1, "price": null, "request": null, "extras": [3]}}, {"model": "menu.transactionfooditem", "pk": 31, "fields": {"food_item": 25, "transaction": 13, "discount": 1, "price": null, "request": null, "extras": [4]}}, {"model": "menu.transactionfooditem", "pk": 32, "fields": {"food_item": 12, "transaction": 13, "discount": 1, "price": null, "request": null, "extras": [2]}}, {"model": "menu.transactionfooditem", "pk": 33, "fields": {"food_item": 4, "transaction": 13, "discount": 1, "price": null, "request": null, "extras": [2]}}, {"model": "menu.transactionfooditem", "pk": 34, "fields": {"food_item": 31, "transaction": 13, "discount": 1, "price": null, "request": null, "extras": [16]}}, {"model": "menu.transactionfooditem", "pk": 35, "fields": {"food_item": 19, "transaction": 14, "discount": 1, "price": null, "request": null, "extras": [7]}}, {"model": "menu.transactionfooditem", "pk": 36, "fields": {"food_item": 27, "transaction": 14, "discount": 1, "price": null, "request": null, "extras": []}}, {"model": "menu.transactionfooditem", "pk": 37, "fields": {"food_item": 11, "transaction": 15, "discount": 1, "price": null, "request": null, "extras": [2]}}, {"model": "menu.transactionfooditem", "pk": 38, "fields": {"food_item": 18, "transaction": 16, "discount": 1, "price": null, "request": null, "extras": [7]}}, {"model": "menu.transactionfooditem", "pk": 39, "fields": {"food_item": 5, "transaction": 16, "discount": 1, "price": null, "request": null, "extras": [2]}}, {"model": "menu.transactionfooditem", "pk": 40, "fields": {"food_item": 14, "transaction": 16, "discount": 1, "price": null, "request": null, "extras": [2]}}, {"model": "menu.transactionfooditem", "pk": 41, "fields": {"food_item": 23, "transaction": 16, "discount": 1, "price": null, "request": null, "extras": [5]}}, {"model": "menu.transactionfooditem", "pk": 42, "fields": {"food_item": 32, "transaction": 17, "discount": 1, "price": null, "request": null, "extras": [8]}}, {"model": "menu.transactionfooditem", "pk": 43, "fields": {"food_item": 9, "transaction": 17, "discount": 1, "price": null, "request": null, "extras": [1]}}, {"model": "menu.transactionfooditem", "pk": 44, "fields": {"food_item": 27, "transaction": 18, "discount": 1, "price": null, "request": null, "extras": [8, 10]}}, {"model": "menu.transactionfooditem", "pk": 45, "fields": {"food_item": 27, "transaction": 19, "discount": 1, "price": null, "request": null, "extras": [10, 16]}}, {"model": "menu.transactionfooditem", "pk": 46, "fields": {"food_item": 33, "transaction": 20, "discount": 1, "price": null, "request": null, "extras": [12]}}, {"model": "menu.transactionfooditem", "pk": 47, "fields": {"food_item": 26, "transaction": 20, "discount": 1, "price": null, "request": null, "extras": [5]}}, {"model": "menu.transactionfooditem", "pk": 48, "fields": {"food_item": 5, "transaction": 20, "discount": 1, "price": null, "request": null, "extras": [2]}}, {"model": "menu.transactionfooditem", "pk": 49, "fields": {"food_item": 25, "transaction": 21, "discount": 1, "price": null, "request": null, "extras": [4]}}, {"model": "menu.transactionfooditem", "pk": 50, "fields": {"food_item": 10, "transaction": 21, "discount": 1, "price": null, "request": null, "extras": [2]}}, {"model": "menu.transactionfooditem", "pk": 51, "fields": {"food_item": 31, "transaction": 21, "discount": 1, "price": null, "request": null, "extras": [14]}}, {"model": "menu.transactionfooditem", "pk": 52, "fields": {"food_item": 33, "transaction": 22, "discount": 1, "price": null, "request": null, "extras": [9, 16]}}, {"model": "menu.transactionfooditem", "pk": 53, "fields": {"food_item": 23, "transaction": 22, "discount": 1, "price": null, "request": null, "extras": [7]}}, {"model": "menu.transactionfooditem", "pk": 54, "fields": {"food_item": 7, "transaction": 22, "discount": 1, "price": null, "request": null, "extras": [2]}}, {"model": "menu.transactionfooditem", "pk": 55, "fields": {"food_item": 26, "transaction": 22, "discount": 1, "price": null, "request": null, "extras": [5]}}, {"model": "menu.transactionfooditem", "pk": 56, "fields": {"food_item": 27, "transaction": 22, "discount": 1, "price": null, "request": null, "extras": [12, 13]}}, {"model": "menu.transactionfooditem", "pk": 57, "fields": {"food_item": 32, "transaction": 23, "discount": 1, "price": null, "request": null, "extras": [15]}}, {"model": "menu.transactionfooditem", "pk": 58, "fields": {"food_item": 2, "transaction": 23, "discount": 1, "price": null, "request": null, "extras": [1]}}, {"model": "menu.transactionfooditem", "pk": 59, "fields": {"food_item": 8, "transaction": 23, "discount": 1, "price": null, "request": null, "extras": [2]}}, {"model": "menu.transactionfooditem", "pk": 60, "fields": {"food_item": 10, "transaction": 23, "discount": 1, "price": null, "request": null, "extras": [2]}}, {"model": "menu.transactionfooditem", "pk": 61, "fields": {"food_item": 12, "transaction": 23, "discount": 1, "price": null, "request": null, "extras": [3]}}, {"model": "menu.transactionfooditem", "pk": 62, "fields": {"food_item": 32, "transaction": 24, "discount": 1, "price": null, "request": null, "extras": []}}, {"model": "menu.transactionfooditem", "pk": 63, "fields": {"food_item": 33, "transaction": 24, "discount": 1, "price": null, "request": null, "extras": []}}, {"model": "menu.transactionfooditem", "pk": 64, "fields": {"food_item": 1, "transaction": 24, "discount": 1, "price": null, "request": null, "extras": [1]}}, {"model": "menu.transactionfooditem", "pk": 65, "fields": {"food_item": 3, "transaction": 24, "discount": 1, "price": null, "request": null, "extras": [3]}}, {"model": "menu.transactionfooditem", "pk": 66, "fields": {"food_item": 10, "transaction": 24, "discount": 1, "price": null, "request": null, "extras": [2]}}, {"model": "menu.transactionfooditem", "pk": 67, "fields": {"food_item": 13, "transaction": 25, "discount": 1, "price": null, "request": null, "extras": [2]}}, {"model": "menu.transactionfooditem", "pk": 68, "fields": {"food_item": 29, "transaction": 25, "discount": 1, "price": null, "request": null, "extras": [9]}}, {"model": "menu.transactionfooditem", "pk": 69, "fields": {"food_item": 23, "transaction": 25, "discount": 1, "price": null, "request": null, "extras": [7]}}, {"model": "menu.transactionfooditem", "pk": 70, "fields": {"food_item": 9, "transaction": 26, "discount": 1, "price": null, "request": null, "extras": [2]}}, {"model": "menu.transactionfooditem", "pk": 71, "fields": {"food_item": 18, "transaction": 26, "discount": 1, "price": null, "request": null, "extras": [5]}}, {"model": "menu.transactionfooditem", "pk": 72, "fields": {"food_item": 6, "transaction": 26, "discount": 1, "price": null, "request": null, "extras": [3]}}, {"model": "menu.transactionfooditem", "pk": 73, "fields": {"food_item": 15, "transaction": 26, "discount": 1, "price": null, "request": null, "extras": [7]}}, {"model": "menu.transactionfooditem", "pk": 74, "fields": {"food_item": 4, "transaction": 27, "discount": 1, "price": null, "request": null, "extras": [3]}}, {"model": "menu.transactionfooditem", "pk": 75, "fields": {"food_item": 2, "transaction": 28, "discount": 1, "price": null, "request": null, "extras": [2]}}, {"model": "menu.transactionfooditem", "pk": 76, "fields": {"food_item": 2, "transaction": 29, "discount": 1, "price": null, "request": null, "extras": [2]}}, {"model": "menu.transactionfooditem", "pk": 77, "fields": {"food_item": 18, "transaction": 29, "discount": 1, "price": null, "request": null, "extras": [5]}}, {"model": "menu.transactionfooditem", "pk": 78, "fields": {"food_item": 7, "transaction": 29, "discount": 1, "price": null, "request": null, "extras": [1]}}, {"model": "menu.transactionfooditem", "pk": 79, "fields": {"food_item": 12, "transaction": 29, "discount": 1, "price": null, "request": null, "extras": [2]}}, {"model": "menu.transactionfooditem", "pk": 80, "fields": {"food_item": 29, "transaction": 29, "discount": 1, "price": null, "request": null, "extras": [12, 13]}}, {"model": "menu.transactionfooditem", "pk": 81, "fields": {"food_item": 2, "transaction": 30, "discount": 1, "price": null, "request": null, "extras": [3]}}, {"model": "menu.transactionfooditem", "pk": 82, "fields": {"food_item": 3, "transaction": 30, "discount": 1, "price": null, "request": null, "extras": [2]}}, {"model": "menu.transactionfooditem", "pk": 83, "fields": {"food_item": 16, "transaction": 31, "discount": 1, "price": null, "request": null, "extras": [5]}}, {"model": "menu.transactionfooditem", "pk": 84, "fields": {"food_item": 7, "transaction": 31, "discount": 1, "price": null, "request": null, "extras": [2]}}, {"model": "menu.transactionfooditem", "pk": 85, "fields": {"food_item": 32, "transaction": 32, "discount": 1, "price": null, "request": null, "extras": [12]}}, {"model": "menu.transactionfooditem", "pk": 86, "fields": {"food_item": 5, "transaction": 32, "discount": 1, "price": null, "request": null, "extras": [3]}}, {"model": "menu.transactionfooditem", "pk": 87, "fields": {"food_item": 10, "transaction": 32, "discount": 1, "price": null, "request": null, "extras": [1]}}, {"model": "menu.transactionfooditem", "pk": 88, "fields": {"food_item": 13, "transaction": 32, "discount": 1, "price": null, "request": null, "extras": [3]}}, {"model": "menu.transactionfooditem", "pk": 89, "fields": {"food_item": 14, "transaction": 32, "discount": 1, "price": null, "request": null, "extras": [1]}}, {"model": "menu.transactionfooditem", "pk": 90, "fields": {"food_item": 33, "transaction": 33, "discount": 1, "price": null, "request": null, "extras": [14]}}, {"model": "menu.transactionfooditem", "pk": 91, "fields": {"food_item": 31, "transaction": 33, "discount": 1, "price": null, "request": null, "extras": [8, 14]}}, {"model": "menu.transactionfooditem", "pk": 92, "fields": {"food_item": 3, "transaction": 34, "discount": 1, "price": null, "request": null, "extras": [2]}}, {"model": "menu.transactionfooditem", "pk": 93, "fields": {"food_item": 19, "transaction": 34, "discount": 1, "price": null, "request": null, "extras": [5]}}, {"model": "menu.transactionfooditem", "pk": 94, "fields": {"food_item": 13, "transaction": 35, "discount": 1, "price": null, "request": null, "extras": [2]}}, {"model": "menu.transactionfooditem", "pk": 95, "fields": {"food_item": 11, "transaction": 36, "discount": 1, "price": null, "request": null, "extras": [1]}}, {"model": "menu.transactionfooditem", "pk": 96, "fields": {"food_item": 28, "transaction": 36, "discount": 1, "price": null, "request": null, "extras": [16]}}, {"model": "menu.transactionfooditem", "pk": 97, "fields": {"food_item": 24, "transaction": 37, "discount": 1, "price": null, "request": null, "extras": [5]}}, {"model": "menu.transactionfooditem", "pk": 98, "fields": {"food_item": 3, "transaction": 37, "discount": 1, "price": null, "request": null, "extras": [2]}}, {"model": "menu.transactionfooditem", "pk": 99, "fields": {"food_item": 14, "transaction": 37, "discount": 1, "price": null, "request": null, "extras": [3]}}, {"model": "menu.transactionfooditem", "pk": 100, "fields": {"food_item": 23, "transaction": 37, "discount": 1, "price": null, "request": null, "extras": [7]}}, {"model": "menu.transactionfooditem", "pk": 101, "fields": {"food_item": 33, "transaction": 38, "discount": 1, "price": null, "request": null, "extras": []}}, {"model": "menu.transactionfooditem", "pk": 102, "fields": {"food_item": 10, "transaction": 38, "discount": 1, "price": null, "request": null, "extras": [1]}}, {"model": "menu.transactionfooditem", "pk": 103, "fields": {"food_item": 11, "transaction": 38, "discount": 1, "price": null, "request": null, "extras": [3]}}, {"model": "menu.transactionfooditem", "pk": 104, "fields": {"food_item": 26, "transaction": 39, "discount": 1, "price": null, "request": null, "extras": [6]}}, {"model": "menu.transactionfooditem", "pk": 105, "fields": {"food_item": 12, "transaction": 39, "discount": 1, "price": null, "request": null, "extras": [3]}}, {"model": "menu.transactionfooditem", "pk": 106, "fields": {"food_item": 26, "transaction": 40, "discount": 1, "price": null, "request": null, "extras": [5]}}, {"model": "menu.transactionfooditem", "pk": 107, "fields": {"food_item": 15, "transaction": 40, "discount": 1, "price": null, "request": null, "extras": [6]}}, {"model": "menu.transactionfooditem", "pk": 108, "fields": {"food_item": 1, "transaction": 41, "discount": 1, "price": null, "request": null, "extras": [1]}}, {"model": "menu.transactionfooditem", "pk": 109, "fields": {"food_item": 13, "transaction": 41, "discount": 1, "price": null, "request": null, "extras": [1]}}, {"model": "menu.transactionfooditem", "pk": 110, "fields": {"food_item": 9, "transaction": 41, "discount": 1, "price": null, "request": null, "extras": [1]}}, {"model": "menu.transactionfooditem", "pk": 111, "fields": {"food_item": 14, "transaction": 41, "discount": 1, "price": null, "request": null, "extras": [3]}}, {"model": "menu.transactionfooditem", "pk": 112, "fields": {"food_item": 24, "transaction": 42, "discount": 1, "price": null, "request": null, "extras": [4]}}, {"model": "menu.transactionfooditem", "pk": 113, "fields": {"food_item": 28, "transaction": 42, "discount": 1, "price": null, "request": null, "extras": [10, 16]}}, {"model": "menu.transactionfooditem", "pk": 114, "fields": {"food_item": 4, "transaction": 42, "discount": 1, "price": null, "request": null, "extras": [1]}}, {"model": "menu.transactionfooditem", "pk": 115, "fields": {"food_item": 8, "transaction": 43, "discount": 1, "price": null, "request": null, "extras": [3]}}, {"model": "menu.transactionfooditem", "pk": 116, "fields": {"food_item": 18, "transaction": 43, "discount": 1, "price": null, "request": null, "extras": [7]}}, {"model": "menu.transactionfooditem", "pk": 117, "fields": {"food_item": 32, "transaction": 44, "discount": 1, "price": null, "request": null, "extras": []}}, {"model": "menu.transactionfooditem", "pk": 118, "fields": {"food_item": 17, "transaction": 44, "discount": 1, "price": null, "request": null, "extras": [5]}}, {"model": "menu.transactionfooditem", "pk": 119, "fields": {"food_item": 7, "transaction": 44, "discount": 1, "price": null, "request": null, "extras": [1]}}, {"model": "menu.transactionfooditem", "pk": 120, "fields": {"food_item": 25, "transaction": 44, "discount": 1, "price": null, "request": null, "extras": [6]}}, {"model": "menu.transactionfooditem", "pk": 121, "fields": {"food_item": 15, "transaction": 44, "discount": 1, "price": null, "request": null, "extras": [6]}}, {"model": "menu.transactionfooditem", "pk": 122, "fields": {"food_item": 24, "transaction": 45, "discount": 1, "price": null, "request": null, "extras": [5]}}, {"model": "menu.transactionfooditem", "pk": 123, "fields": {"food_item": 12, "transaction": 45, "discount": 1, "price": null, "request": null, "extras": [3]}}, {"model": "menu.transactionfooditem", "pk": 124, "fields": {"food_item": 29, "transaction": 45, "discount": 1, "price": null, "request": null, "extras": [8, 14]}}, {"model": "menu.transactionfooditem", "pk": 125, "fields": {"food_item": 8, "transaction": 46, "discount": 1, "price": null, "request": null, "extras": [2]}}, {"model": "menu.transactionfooditem", "pk": 126, "fields": {"food_item": 24, "transaction": 46, "discount": 1, "price": null, "request": null, "extras": [5]}}, {"model": "menu.transactionfooditem", "pk": 127, "fields": {"food_item": 32, "transaction": 46, "discount": 1, "price": null, "request": null, "extras": [8]}}, {"model": "menu.transactionfooditem", "pk": 128, "fields": {"food_item": 12, "transaction": 46, "discount": 1, "price": null, "request": null, "extras": [3]}}, {"model": "menu.transactionfooditem", "pk": 129, "fields": {"food_item": 2, "transaction": 47, "discount": 1, "price": null, "request": null, "extras": [3]}}, {"model": "menu.transactionfooditem", "pk": 130, "fields": {"food_item": 26, "transaction": 47, "discount": 1, "price": null, "request": null, "extras": [6]}}, {"model": "menu.transactionfooditem", "pk": 131, "fields": {"food_item": 12, "transaction": 47, "discount": 1, "price": null, "request": null, "extras": [1]}}, {"model": "menu.transactionfooditem", "pk": 132, "fields": {"food_item": 24, "transaction": 48, "discount": 1, "price": null, "request": null, "extras": [4]}}, {"model": "menu.transactionfooditem", "pk": 133, "fields": {"food_item": 16, "transaction": 48, "discount": 1, "price": null, "request": null, "extras": [4]}}, {"model": "menu.transactionfooditem", "pk": 134, "fields": {"food_item": 25, "transaction": 49, "discount": 1, "price": null, "request": null, "extras": [7]}}, {"model": "menu.transactionfooditem", "pk": 135, "fields": {"food_item": 29, "transaction": 49, "discount": 1, "price": null, "request": null, "extras": []}}, {"model": "menu.transactionfooditem", "pk": 136, "fields": {"food_item": 17, "transaction": 49, "discount": 1, "price": null, "request": null, "extras": [4]}}, {"model": "menu.transactionfooditem", "pk": 137, "fields": {"food_item": 9, "transaction": 49, "discount": 1, "price": null, "request": null, "extras": [2]}}, {"model": "menu.transactionfooditem", "pk": 138, "fields": {"food_item": 19, "transaction": 50, "discount": 1, "price": null, "request": null, "extras": [4]}}, {"model": "menu.transactionfooditem", "pk": 139, "fields": {"food_item": 4, "transaction": 50, "discount": 1, "price": null, "request": null, "extras": [2]}}, {"model": "menu.transactionfooditem", "pk": 140, "fields": {"food_item": 24, "transaction": 50, "discount": 1, "price": null, "request": null, "extras": [6]}}, {"model": "menu.transactionfooditem", "pk": 141, "fields": {"food_item": 27, "transaction": 50, "discount": 1, "price": null, "request": null, "extras": []}}, {"model": "menu.transactionfooditem", "pk": 142, "fields": {"food_item": 13, "transaction": 50, "discount": 1, "price": null, "request": null, "extras": [2]}}, {"model": "menu.problem", "pk": 1, "fields": {"name": "My table needs to be cleaned"}}, {"model": "menu.problem", "pk": 2, "fields": {"name": "I have a question about the menu"}}, {"model": "menu.problem", "pk": 3, "fields": {"name": "There is a problem with my credit card payment"}}, {"model": "menu.problem", "pk": 4, "fields": {"name": "I need help with my cart"}}, {"model": "menu.problem", "pk": 5, "fields": {"name": "I need serviettes"}}, {"model": "menu.problem", "pk": 6, "fields": {"name": "I need cutlery"}}, {"model": "menu.problem", "pk": 7, "fields": {"name": "There is a problem with my food"}}, {"model": "menu.problem", "pk": 8, "fields": {"name": "I need a baby chair"}}, {"model": "menu.problem", "pk": 9, "fields": {"name": "I need some tomato sauce"}}, {"model": "menu.problem", "pk": 10, "fields": {"name": "Chilli flakes please"}}, {"model": "auth.permission", "pk": 1, "fields": {"name": "Can add log entry", "content_type": ["admin", "logentry"], "codename": "add_logentry"}}, {"model": "auth.permission", "pk": 2, "fields": {"name": "Can change log entry", "content_type": ["admin", "logentry"], "codename": "change_logentry"}}, {"model": "auth.permission", "pk": 3, "fields": {"name": "Can delete log entry", "content_type": ["admin", "logentry"], "codename": "delete_logentry"}}, {"model": "auth.permission", "pk": 4, "fields": {"name": "Can view log entry", "content_type": ["admin", "logentry"], "codename": "view_logentry"}}, {"model": "auth.permission", "pk": 5, "fields": {"name": "Can add permission", "content_type": ["auth", "permission"], "codename": "add_permission"}}, {"model": "auth.permission", "pk": 6, "fields": {"name": "Can change permission", "content_type": ["auth", "permission"], "codename": "change_permission"}}, {"model": "auth.permission", "pk": 7, "fields": {"name": "Can delete permission", "content_type": ["auth", "permission"], "codename": "delete_permission"}}, {"model": "auth.permission", "pk": 8, "fields": {"name": "Can view permission", "content_type": ["auth", "permission"], "codename": "view_permission"}}, {"model": "auth.permission", "pk": 9, "fields": {"name": "Can add group", "content_type": ["auth", "group"], "codename": "add_group"}}, {"model": "auth.permission", "pk": 10, "fields": {"name": "Can change group", "content_type": ["auth", "group"], "codename": "change_group"}}, {"model": "auth.permission", "pk": 11, "fields": {"name": "Can delete group", "content_type": ["auth", "group"], "codename": "delete_group"}}, {"model": "auth.permission", "pk": 12, "fields": {"name": "Can view group", "content_type": ["auth", "group"], "codename": "view_group"}}, {"model": "auth.permission", "pk": 13, "fields": {"name": "Can add content type", "content_type": ["contenttypes", "contenttype"], "codename": "add_contenttype"}}, {"model": "auth.permission", "pk": 14, "fields": {"name": "Can change content type", "content_type": ["contenttypes", "contenttype"], "codename": "change_contenttype"}}, {"model": "auth.permission", "pk": 15, "fields": {"name": "Can delete content type", "content_type": ["contenttypes", "contenttype"], "codename": "delete_contenttype"}}, {"model": "auth.permission", "pk": 16, "fields": {"name": "Can view content type", "content_type": ["contenttypes", "contenttype"], "codename": "view_contenttype"}}, {"model": "auth.permission", "pk": 17, "fields": {"name": "Can add session", "content_type": ["sessions", "session"], "codename": "add_session"}}, {"model": "auth.permission", "pk": 18, "fields": {"name": "Can change session", "content_type": ["sessions", "session"], "codename": "change_session"}}, {"model": "auth.permission", "pk": 19, "fields": {"name": "Can delete session", "content_type": ["sessions", "session"], "codename": "delete_session"}}, {"model": "auth.permission", "pk": 20, "fields": {"name": "Can view session", "content_type": ["sessions", "session"], "codename": "view_session"}}, {"model": "auth.permission", "pk": 21, "fields": {"name": "Can add site", "content_type": ["sites", "site"], "codename": "add_site"}}, {"model": "auth.permission", "pk": 22, "fields": {"name": "Can change site", "content_type": ["sites", "site"], "codename": "change_site"}}, {"model": "auth.permission", "pk": 23, "fields": {"name": "Can delete site", "content_type": ["sites", "site"], "codename": "delete_site"}}, {"model": "auth.permission", "pk": 24, "fields": {"name": "Can view site", "content_type": ["sites", "site"], "codename": "view_site"}}, {"model": "auth.permission", "pk": 25, "fields": {"name": "Can add Token", "content_type": ["authtoken", "token"], "codename": "add_token"}}, {"model": "auth.permission", "pk": 26, "fields": {"name": "Can change Token", "content_type": ["authtoken", "token"], "codename": "change_token"}}, {"model": "auth.permission", "pk": 27, "fields": {"name": "Can delete Token", "content_type": ["authtoken", "token"], "codename": "delete_token"}}, {"model": "auth.permission", "pk": 28, "fields": {"name": "Can view Token", "content_type": ["authtoken", "token"], "codename": "view_token"}}, {"model": "auth.permission", "pk": 29, "fields": {"name": "Can add email address", "content_type": ["account", "emailaddress"], "codename": "add_emailaddress"}}, {"model": "auth.permission", "pk": 30, "fields": {"name": "Can change email address", "content_type": ["account", "emailaddress"], "codename": "change_emailaddress"}}, {"model": "auth.permission", "pk": 31, "fields": {"name": "Can delete email address", "content_type": ["account", "emailaddress"], "codename": "delete_emailaddress"}}, {"model": "auth.permission", "pk": 32, "fields": {"name": "Can view email address", "content_type": ["account", "emailaddress"], "codename": "view_emailaddress"}}, {"model": "auth.permission", "pk": 33, "fields": {"name": "Can add email confirmation", "content_type": ["account", "emailconfirmation"], "codename": "add_emailconfirmation"}}, {"model": "auth.permission", "pk": 34, "fields": {"name": "Can change email confirmation", "content_type": ["account", "emailconfirmation"], "codename": "change_emailconfirmation"}}, {"model": "auth.permission", "pk": 35, "fields": {"name": "Can delete email confirmation", "content_type": ["account", "emailconfirmation"], "codename": "delete_emailconfirmation"}}, {"model": "auth.permission", "pk": 36, "fields": {"name": "Can view email confirmation", "content_type": ["account", "emailconfirmation"], "codename": "view_emailconfirmation"}}, {"model": "auth.permission", "pk": 37, "fields": {"name": "Can add social account", "content_type": ["socialaccount", "socialaccount"], "codename": "add_socialaccount"}}, {"model": "auth.permission", "pk": 38, "fields": {"name": "Can change social account", "content_type": ["socialaccount", "socialaccount"], "codename": "change_socialaccount"}}, {"model": "auth.permission", "pk": 39, "fields": {"name": "Can delete social account", "content_type": ["socialaccount", "socialaccount"], "codename": "delete_socialaccount"}}, {"model": "auth.permission", "pk": 40, "fields": {"name": "Can view social account", "content_type": ["socialaccount", "socialaccount"], "codename": "view_socialaccount"}}, {"model": "auth.permission", "pk": 41, "fields": {"name": "Can add social application", "content_type": ["socialaccount", "socialapp"], "codename": "add_socialapp"}}, {"model": "auth.permission", "pk": 42, "fields": {"name": "Can change social application", "content_type": ["socialaccount", "socialapp"], "codename": "change_socialapp"}}, {"model": "auth.permission", "pk": 43, "fields": {"name": "Can delete social application", "content_type": ["socialaccount", "socialapp"], "codename": "delete_socialapp"}}, {"model": "auth.permission", "pk": 44, "fields": {"name": "Can view social application", "content_type": ["socialaccount", "socialapp"], "codename": "view_socialapp"}}, {"model": "auth.permission", "pk": 45, "fields": {"name": "Can add social application token", "content_type": ["socialaccount", "socialtoken"], "codename": "add_socialtoken"}}, {"model": "auth.permission", "pk": 46, "fields": {"name": "Can change social application token", "content_type": ["socialaccount", "socialtoken"], "codename": "change_socialtoken"}}, {"model": "auth.permission", "pk": 47, "fields": {"name": "Can delete social application token", "content_type": ["socialaccount", "socialtoken"], "codename": "delete_socialtoken"}}, {"model": "auth.permission", "pk": 48, "fields": {"name": "Can view social application token", "content_type": ["socialaccount", "socialtoken"], "codename": "view_socialtoken"}}, {"model": "auth.permission", "pk": 49, "fields": {"name": "Can add user", "content_type": ["accounts", "customuser"], "codename": "add_customuser"}}, {"model": "auth.permission", "pk": 50, "fields": {"name": "Can change user", "content_type": ["accounts", "customuser"], "codename": "change_customuser"}}, {"model": "auth.permission", "pk": 51, "fields": {"name": "Can delete user", "content_type": ["accounts", "customuser"], "codename": "delete_customuser"}}, {"model": "auth.permission", "pk": 52, "fields": {"name": "Can view user", "content_type": ["accounts", "customuser"], "codename": "view_customuser"}}, {"model": "auth.permission", "pk": 53, "fields": {"name": "Can add category", "content_type": ["menu", "category"], "codename": "add_category"}}, {"model": "auth.permission", "pk": 54, "fields": {"name": "Can change category", "content_type": ["menu", "category"], "codename": "change_category"}}, {"model": "auth.permission", "pk": 55, "fields": {"name": "Can delete category", "content_type": ["menu", "category"], "codename": "delete_category"}}, {"model": "auth.permission", "pk": 56, "fields": {"name": "Can view category", "content_type": ["menu", "category"], "codename": "view_category"}}, {"model": "auth.permission", "pk": 57, "fields": {"name": "Can add credit card", "content_type": ["menu", "creditcard"], "codename": "add_creditcard"}}, {"model": "auth.permission", "pk": 58, "fields": {"name": "Can change credit card", "content_type": ["menu", "creditcard"], "codename": "change_creditcard"}}, {"model": "auth.permission", "pk": 59, "fields": {"name": "Can delete credit card", "content_type": ["menu", "creditcard"], "codename": "delete_creditcard"}}, {"model": "auth.permission", "pk": 60, "fields": {"name": "Can view credit card", "content_type": ["menu", "creditcard"], "codename": "view_creditcard"}}, {"model": "auth.permission", "pk": 61, "fields": {"name": "Can add discount", "content_type": ["menu", "discount"], "codename": "add_discount"}}, {"model": "auth.permission", "pk": 62, "fields": {"name": "Can change discount", "content_type": ["menu", "discount"], "codename": "change_discount"}}, {"model": "auth.permission", "pk": 63, "fields": {"name": "Can delete discount", "content_type": ["menu", "discount"], "codename": "delete_discount"}}, {"model": "auth.permission", "pk": 64, "fields": {"name": "Can view discount", "content_type": ["menu", "discount"], "codename": "view_discount"}}, {"model": "auth.permission", "pk": 65, "fields": {"name": "Can add extra", "content_type": ["menu", "extra"], "codename": "add_extra"}}, {"model": "auth.permission", "pk": 66, "fields": {"name": "Can change extra", "content_type": ["menu", "extra"], "codename": "change_extra"}}, {"model": "auth.permission", "pk": 67, "fields": {"name": "Can delete extra", "content_type": ["menu", "extra"], "codename": "delete_extra"}}, {"model": "auth.permission", "pk": 68, "fields": {"name": "Can view extra", "content_type": ["menu", "extra"], "codename": "view_extra"}}, {"model": "auth.permission", "pk": 69, "fields": {"name": "Can add food item", "content_type": ["menu", "fooditem"], "codename": "add_fooditem"}}, {"model": "auth.permission", "pk": 70, "fields": {"name": "Can change food item", "content_type": ["menu", "fooditem"], "codename": "change_fooditem"}}, {"model": "auth.permission", "pk": 71, "fields": {"name": "Can delete food item", "content_type": ["menu", "fooditem"], "codename": "delete_fooditem"}}, {"model": "auth.permission", "pk": 72, "fields": {"name": "Can view food item", "content_type": ["menu", "fooditem"], "codename": "view_fooditem"}}, {"model": "auth.permission", "pk": 73, "fields": {"name": "Can add menu", "content_type": ["menu", "menu"], "codename": "add_menu"}}, {"model": "auth.permission", "pk": 74, "fields": {"name": "Can change menu", "content_type": ["menu", "menu"], "codename": "change_menu"}}, {"model": "auth.permission", "pk": 75, "fields": {"name": "Can delete menu", "content_type": ["menu", "menu"], "codename": "delete_menu"}}, {"model": "auth.permission", "pk": 76, "fields": {"name": "Can view menu", "content_type": ["menu", "menu"], "codename": "view_menu"}}, {"model": "auth.permission", "pk": 77, "fields": {"name": "Can add problem", "content_type": ["menu", "problem"], "codename": "add_problem"}}, {"model": "auth.permission", "pk": 78, "fields": {"name": "Can change problem", "content_type": ["menu", "problem"], "codename": "change_problem"}}, {"model": "auth.permission", "pk": 79, "fields": {"name": "Can delete problem", "content_type": ["menu", "problem"], "codename": "delete_problem"}}, {"model": "auth.permission", "pk": 80, "fields": {"name": "Can view problem", "content_type": ["menu", "problem"], "codename": "view_problem"}}, {"model": "auth.permission", "pk": 81, "fields": {"name": "Can add tag", "content_type": ["menu", "tag"], "codename": "add_tag"}}, {"model": "auth.permission", "pk": 82, "fields": {"name": "Can change tag", "content_type": ["menu", "tag"], "codename": "change_tag"}}, {"model": "auth.permission", "pk": 83, "fields": {"name": "Can delete tag", "content_type": ["menu", "tag"], "codename": "delete_tag"}}, {"model": "auth.permission", "pk": 84, "fields": {"name": "Can view tag", "content_type": ["menu", "tag"], "codename": "view_tag"}}, {"model": "auth.permission", "pk": 85, "fields": {"name": "Can add transaction", "content_type": ["menu", "transaction"], "codename": "add_transaction"}}, {"model": "auth.permission", "pk": 86, "fields": {"name": "Can change transaction", "content_type": ["menu", "transaction"], "codename": "change_transaction"}}, {"model": "auth.permission", "pk": 87, "fields": {"name": "Can delete transaction", "content_type": ["menu", "transaction"], "codename": "delete_transaction"}}, {"model": "auth.permission", "pk": 88, "fields": {"name": "Can view transaction", "content_type": ["menu", "transaction"], "codename": "view_transaction"}}, {"model": "auth.permission", "pk": 89, "fields": {"name": "Can add transaction food item", "content_type": ["menu", "transactionfooditem"], "codename": "add_transactionfooditem"}}, {"model": "auth.permission", "pk": 90, "fields": {"name": "Can change transaction food item", "content_type": ["menu", "transactionfooditem"], "codename": "change_transactionfooditem"}}, {"model": "auth.permission", "pk": 91, "fields": {"name": "Can delete transaction food item", "content_type": ["menu", "transactionfooditem"], "codename": "delete_transactionfooditem"}}, {"model": "auth.permission", "pk": 92, "fields": {"name": "Can view transaction food item", "content_type": ["menu", "transactionfooditem"], "codename": "view_transactionfooditem"}}, {"model": "auth.permission", "pk": 93, "fields": {"name": "Can add assistance", "content_type": ["menu", "assistance"], "codename": "add_assistance"}}, {"model": "auth.permission", "pk": 94, "fields": {"name": "Can change assistance", "content_type": ["menu", "assistance"], "codename": "change_assistance"}}, {"model": "auth.permission", "pk": 95, "fields": {"name": "Can delete assistance", "content_type": ["menu", "assistance"], "codename": "delete_assistance"}}, {"model": "auth.permission", "pk": 96, "fields": {"name": "Can view assistance", "content_type": ["menu", "assistance"], "codename": "view_assistance"}}, {"model": "accounts.customuser", "pk": 1, "fields": {"password": "pbkdf2_sha256$180000$ZdRF1SNv5lrI$Op4ZoTlIRkSnIIaWmvPXpsVIEJoGZD2Vl8AOzt2feiU=", "last_login": null, "is_superuser": true, "username": "admin", "email": "", "is_staff": true, "is_active": true, "date_joined": "2020-04-26T07:24:04.281Z", "first_name": "ADMIN", "last_name": "ACCOUNT", "active": true, "user_type": "MANAGER", "groups": [], "user_permissions": []}}, {"model": "accounts.customuser", "pk": 2, "fields": {"password": "pbkdf2_sha256$180000$XGb7iSh6q49M$0D/5rntytevAWf+seZNUsESi7Bag7BJvb4OZWhS0qFA=", "last_login": null, "is_superuser": true, "username": "LK01", "email": "", "is_staff": true, "is_active": true, "date_joined": "2020-04-26T07:24:04.389Z", "first_name": "Lauren", "last_name": "Klimt", "active": true, "user_type": "MANAGER", "groups": [], "user_permissions": []}}, {"model": "accounts.customuser", "pk": 3, "fields": {"password": "pbkdf2_sha256$180000$qb29LzRyJEtg$l0x+U1lz6o9fFZjANRtHp/T2uBkwXr1e1Zo7o6vBvy8=", "last_login": null, "is_superuser": true, "username": "CY01", "email": "", "is_staff": true, "is_active": true, "date_joined": "2020-04-26T07:24:04.483Z", "first_name": "Colin", "last_name": "Yang", "active": true, "user_type": "MANAGER", "groups": [], "user_permissions": []}}, {"model": "accounts.customuser", "pk": 4, "fields": {"password": "pbkdf2_sha256$180000$5WTOBNmUBKz5$YqzMqh0y5BcK9a5ajJQg17w5hnzckQA3D09ddZhqLec=", "last_login": null, "is_superuser": true, "username": "TK01", "email": "", "is_staff": true, "is_active": true, "date_joined": "2020-04-26T07:24:04.578Z", "first_name": "Tripta", "last_name": "Kaur", "active": true, "user_type": "MANAGER", "groups": [], "user_permissions": []}}, {"model": "accounts.customuser", "pk": 5, "fields": {"password": "pbkdf2_sha256$180000$VF3PUTskP1j2$s2XeuJMKsEip18DOPUpNHBR1+aJVtbtTePB46F05mRo=", "last_login": null, "is_superuser": false, "username": "LL01", "email": "", "is_staff": false, "is_active": true, "date_joined": "2020-04-26T07:24:04.673Z", "first_name": "Leonard", "last_name": "Lee", "active": true, "user_type": "WAITER", "groups": [], "user_permissions": []}}, {"model": "accounts.customuser", "pk": 6, "fields": {"password": "pbkdf2_sha256$180000$44lSpKxuNeU4$I0IwG9EJnBk2IYv1hAlWH/r5XhJEkBAfx3d4MlLsHp8=", "last_login": null, "is_superuser": false, "username": "JS01", "email": "", "is_staff": false, "is_active": true, "date_joined": "2020-04-26T07:24:04.790Z", "first_name": "John", "last_name": "Smith", "active": true, "user_type": "WAITER", "groups": [], "user_permissions": []}}, {"model": "accounts.customuser", "pk": 7, "fields": {"password": "pbkdf2_sha256$180000$9JURW20EluKH$VZyeAynWI4LII5o8DJzVjR1Ys2TJzihwJ+5gO00wppY=", "last_login": null, "is_superuser": false, "username": "LK02", "email": "", "is_staff": false, "is_active": true, "date_joined": "2020-04-26T07:24:04.901Z", "first_name": "Lisa", "last_name": "Kay", "active": true, "user_type": "WAITER", "groups": [], "user_permissions": []}}, {"model": "accounts.customuser", "pk": 8, "fields": {"password": "pbkdf2_sha256$180000$ATnxSJUPTLTB$ceioX2BmJ/c/u/ovK5W3isOU+wGS4+vv8uRFQevdXVQ=", "last_login": null, "is_superuser": false, "username": "MJ01", "email": "", "is_staff": false, "is_active": true, "date_joined": "2020-04-26T07:24:04.996Z", "first_name": "Mary", "last_name": "Johnson", "active": false, "user_type": "WAITER", "groups": [], "user_permissions": []}}, {"model": "accounts.customuser", "pk": 9, "fields": {"password": "pbkdf2_sha256$180000$4d440n4AODdW$H75L8UZaXf1tB/WR9vM60+gJQammNoluQXzXCgMHnpY=", "last_login": null, "is_superuser": false, "username": "AS01", "email": "", "is_staff": false, "is_active": true, "date_joined": "2020-04-26T07:24:05.093Z", "first_name": "Angus", "last_name": "Suttor", "active": true, "user_type": "KITCHEN", "groups": [], "user_permissions": []}}, {"model": "accounts.customuser", "pk": 10, "fields": {"password": "pbkdf2_sha256$180000$WQg7WE4zysO8$P4MvWcEAmfzIDSgNJpFnzaOHZ0IGPbFewF2ovGKbZYc=", "last_login": null, "is_superuser": false, "username": "MD01", "email": "", "is_staff": false, "is_active": true, "date_joined": "2020-04-26T07:24:05.190Z", "first_name": "Michael", "last_name": "Davis", "active": true, "user_type": "KITCHEN", "groups": [], "user_permissions": []}}, {"model": "accounts.customuser", "pk": 11, "fields": {"password": "pbkdf2_sha256$180000$9L9J4iVLNBxf$VHdHKioO3jSjf2Bsctrk++SJMeJ3N4kDEuvRo/zQABg=", "last_login": null, "is_superuser": false, "username": "JS02", "email": "", "is_staff": false, "is_active": true, "date_joined": "2020-04-26T07:24:05.284Z", "first_name": "Jessica", "last_name": "Smith", "active": true, "user_type": "KITCHEN", "groups": [], "user_permissions": []}}, {"model": "accounts.customuser", "pk": 12, "fields": {"password": "pbkdf2_sha256$180000$IMPoCqMQOlTX$s5Rhc5wOGbrrz4l7A4eE2HbWKS79JYVvl5OCqk4dCac=", "last_login": null, "is_superuser": false, "username": "AM01", "email": "", "is_staff": false, "is_active": true, "date_joined": "2020-04-26T07:24:05.382Z", "first_name": "Anne", "last_name": "Miller", "active": false, "user_type": "KITCHEN", "groups": [], "user_permissions": []}}, {"model": "accounts.customuser", "pk": 13, "fields": {"password": "pbkdf2_sha256$180000$q4CSVyD3Ur5k$LeJjB6IIA/4mscbdmg34qhUAQr7d0EbKg0IRTci614Y=", "last_login": null, "is_superuser": false, "username": "JB01", "email": "", "is_staff": false, "is_active": true, "date_joined": "2020-04-26T07:24:05.487Z", "first_name": "John", "last_name": "Brown", "active": false, "user_type": "KITCHEN", "groups": [], "user_permissions": []}}, {"model": "menu.transaction", "pk": 1, "fields": {"active": false, "prepared": true, "date": "2020-04-26T07:24:05.675Z", "customer": null, "credit_card": 1, "request": null, "total_price": null, "kitchen_note": null}}, {"model": "menu.transaction", "pk": 2, "fields": {"active": false, "prepared": true, "date": "2020-04-26T07:24:05.755Z", "customer": null, "credit_card": 1, "request": null, "total_price": null, "kitchen_note": null}}, {"model": "menu.transaction", "pk": 3, "fields": {"active": false, "prepared": true, "date": "2020-04-26T07:24:05.826Z", "customer": null, "credit_card": 1, "request": null, "total_price": null, "kitchen_note": null}}, {"model": "menu.transaction", "pk": 4, "fields": {"active": false, "prepared": true, "date": "2020-04-26T07:24:05.990Z", "customer": null, "credit_card": 1, "request": null, "total_price": null, "kitchen_note": null}}, {"model": "menu.transaction", "pk": 5, "fields": {"active": false, "prepared": true, "date": "2020-04-26T07:24:06.086Z", "customer": null, "credit_card": 1, "request": null, "total_price": null, "kitchen_note": null}}, {"model": "menu.transaction", "pk": 6, "fields": {"active": false, "prepared": true, "date": "2020-04-26T07:24:06.175Z", "customer": null, "credit_card": 1, "request": null, "total_price": null, "kitchen_note": null}}, {"model": "menu.transaction", "pk": 7, "fields": {"active": false, "prepared": true, "date": "2020-04-26T07:24:06.246Z", "customer": null, "credit_card": 1, "request": null, "total_price": null, "kitchen_note": null}}, {"model": "menu.transaction", "pk": 8, "fields": {"active": false, "prepared": true, "date": "2020-04-26T07:24:06.291Z", "customer": null, "credit_card": 1, "request": null, "total_price": null, "kitchen_note": null}}, {"model": "menu.transaction", "pk": 9, "fields": {"active": false, "prepared": true, "date": "2020-04-26T07:24:06.402Z", "customer": null, "credit_card": 1, "request": null, "total_price": null, "kitchen_note": null}}, {"model": "menu.transaction", "pk": 10, "fields": {"active": false, "prepared": true, "date": "2020-04-26T07:24:06.534Z", "customer": null, "credit_card": 1, "request": null, "total_price": null, "kitchen_note": null}}, {"model": "menu.transaction", "pk": 11, "fields": {"active": false, "prepared": true, "date": "2020-04-26T07:24:06.647Z", "customer": null, "credit_card": 1, "request": null, "total_price": null, "kitchen_note": null}}, {"model": "menu.transaction", "pk": 12, "fields": {"active": false, "prepared": true, "date": "2020-04-26T07:24:06.693Z", "customer": null, "credit_card": 1, "request": null, "total_price": null, "kitchen_note": null}}, {"model": "menu.transaction", "pk": 13, "fields": {"active": false, "prepared": true, "date": "2020-04-26T07:24:06.735Z", "customer": null, "credit_card": 1, "request": null, "total_price": null, "kitchen_note": null}}, {"model": "menu.transaction", "pk": 14, "fields": {"active": false, "prepared": true, "date": "2020-04-26T07:24:06.862Z", "customer": null, "credit_card": 1, "request": null, "total_price": null, "kitchen_note": null}}, {"model": "menu.transaction", "pk": 15, "fields": {"active": false, "prepared": true, "date": "2020-04-26T07:24:06.928Z", "customer": null, "credit_card": 1, "request": null, "total_price": null, "kitchen_note": null}}, {"model": "menu.transaction", "pk": 16, "fields": {"active": false, "prepared": true, "date": "2020-04-26T07:24:06.977Z", "customer": null, "credit_card": 1, "request": null, "total_price": null, "kitchen_note": null}}, {"model": "menu.transaction", "pk": 17, "fields": {"active": false, "prepared": true, "date": "2020-04-26T07:24:07.123Z", "customer": null, "credit_card": 1, "request": null, "total_price": null, "kitchen_note": null}}, {"model": "menu.transaction", "pk": 18, "fields": {"active": false, "prepared": true, "date": "2020-04-26T07:24:07.188Z", "customer": null, "credit_card": 1, "request": null, "total_price": null, "kitchen_note": null}}, {"model": "menu.transaction", "pk": 19, "fields": {"active": false, "prepared": true, "date": "2020-04-26T07:24:07.235Z", "customer": null, "credit_card": 1, "request": null, "total_price": null, "kitchen_note": null}}, {"model": "menu.transaction", "pk": 20, "fields": {"active": false, "prepared": true, "date": "2020-04-26T07:24:07.288Z", "customer": null, "credit_card": 1, "request": null, "total_price": null, "kitchen_note": null}}, {"model": "menu.transaction", "pk": 21, "fields": {"active": false, "prepared": true, "date": "2020-04-26T07:24:07.411Z", "customer": null, "credit_card": 1, "request": null, "total_price": null, "kitchen_note": null}}, {"model": "menu.transaction", "pk": 22, "fields": {"active": false, "prepared": true, "date": "2020-04-26T07:24:07.505Z", "customer": null, "credit_card": 1, "request": null, "total_price": null, "kitchen_note": null}}, {"model": "menu.transaction", "pk": 23, "fields": {"active": false, "prepared": true, "date": "2020-04-26T07:24:07.684Z", "customer": null, "credit_card": 1, "request": null, "total_price": null, "kitchen_note": null}}, {"model": "menu.transaction", "pk": 24, "fields": {"active": false, "prepared": true, "date": "2020-04-26T07:24:07.821Z", "customer": null, "credit_card": 1, "request": null, "total_price": null, "kitchen_note": null}}, {"model": "menu.transaction", "pk": 25, "fields": {"active": false, "prepared": true, "date": "2020-04-26T07:24:07.952Z", "customer": null, "credit_card": 1, "request": null, "total_price": null, "kitchen_note": null}}, {"model": "menu.transaction", "pk": 26, "fields": {"active": true, "prepared": true, "date": "2020-04-26T07:24:08.061Z", "customer": null, "credit_card": 1, "request": null, "total_price": null, "kitchen_note": null}}, {"model": "menu.transaction", "pk": 27, "fields": {"active": true, "prepared": true, "date": "2020-04-26T07:24:08.205Z", "customer": null, "credit_card": 1, "request": null, "total_price": null, "kitchen_note": null}}, {"model": "menu.transaction", "pk": 28, "fields": {"active": true, "prepared": true, "date": "2020-04-26T07:24:08.243Z", "customer": null, "credit_card": 1, "request": null, "total_price": null, "kitchen_note": null}}, {"model": "menu.transaction", "pk": 29, "fields": {"active": true, "prepared": true, "date": "2020-04-26T07:24:08.287Z", "customer": null, "credit_card": 1, "request": null, "total_price": null, "kitchen_note": null}}, {"model": "menu.transaction", "pk": 30, "fields": {"active": true, "prepared": true, "date": "2020-04-26T07:24:08.458Z", "customer": null, "credit_card": 1, "request": null, "total_price": null, "kitchen_note": null}}, {"model": "menu.transaction", "pk": 31, "fields": {"active": true, "prepared": true, "date": "2020-04-26T07:24:08.550Z", "customer": null, "credit_card": 1, "request": null, "total_price": null, "kitchen_note": null}}, {"model": "menu.transaction", "pk": 32, "fields": {"active": true, "prepared": true, "date": "2020-04-26T07:24:08.616Z", "customer": null, "credit_card": 1, "request": null, "total_price": null, "kitchen_note": null}}, {"model": "menu.transaction", "pk": 33, "fields": {"active": true, "prepared": true, "date": "2020-04-26T07:24:08.770Z", "customer": null, "credit_card": 1, "request": null, "total_price": null, "kitchen_note": null}}, {"model": "menu.transaction", "pk": 34, "fields": {"active": true, "prepared": true, "date": "2020-04-26T07:24:08.856Z", "customer": null, "credit_card": 1, "request": null, "total_price": null, "kitchen_note": null}}, {"model": "menu.transaction", "pk": 35, "fields": {"active": true, "prepared": true, "date": "2020-04-26T07:24:08.939Z", "customer": null, "credit_card": 1, "request": null, "total_price": null, "kitchen_note": null}}, {"model": "menu.transaction", "pk": 36, "fields": {"active": true, "prepared": true, "date": "2020-04-26T07:24:08.991Z", "customer": null, "credit_card": 1, "request": null, "total_price": null, "kitchen_note": null}}, {"model": "menu.transaction", "pk": 37, "fields": {"active": true, "prepared": true, "date": "2020-04-26T07:24:09.074Z", "customer": null, "credit_card": 1, "request": null, "total_price": null, "kitchen_note": null}}, {"model": "menu.transaction", "pk": 38, "fields": {"active": true, "prepared": true, "date": "2020-04-26T07:24:09.194Z", "customer": null, "credit_card": 1, "request": null, "total_price": null, "kitchen_note": null}}, {"model": "menu.transaction", "pk": 39, "fields": {"active": true, "prepared": false, "date": "2020-04-26T07:24:09.274Z", "customer": null, "credit_card": 1, "request": null, "total_price": null, "kitchen_note": null}}, {"model": "menu.transaction", "pk": 40, "fields": {"active": true, "prepared": false, "date": "2020-04-26T07:24:09.355Z", "customer": null, "credit_card": 1, "request": null, "total_price": null, "kitchen_note": null}}, {"model": "menu.transaction", "pk": 41, "fields": {"active": true, "prepared": false, "date": "2020-04-26T07:24:09.443Z", "customer": null, "credit_card": 1, "request": null, "total_price": null, "kitchen_note": null}}, {"model": "menu.transaction", "pk": 42, "fields": {"active": true, "prepared": false, "date": "2020-04-26T07:24:09.596Z", "customer": null, "credit_card": 1, "request": null, "total_price": null, "kitchen_note": null}}, {"model": "menu.transaction", "pk": 43, "fields": {"active": true, "prepared": false, "date": "2020-04-26T07:24:09.742Z", "customer": null, "credit_card": 1, "request": null, "total_price": null, "kitchen_note": null}}, {"model": "menu.transaction", "pk": 44, "fields": {"active": true, "prepared": false, "date": "2020-04-26T07:24:09.861Z", "customer": null, "credit_card": 1, "request": null, "total_price": null, "kitchen_note": null}}, {"model": "menu.transaction", "pk": 45, "fields": {"active": true, "prepared": false, "date": "2020-04-26T07:24:09.998Z", "customer": null, "credit_card": 1, "request": null, "total_price": null, "kitchen_note": null}}, {"model": "menu.transaction", "pk": 46, "fields": {"active": true, "prepared": false, "date": "2020-04-26T07:24:10.103Z", "customer": null, "credit_card": 1, "request": null, "total_price": null, "kitchen_note": null}}, {"model": "menu.transaction", "pk": 47, "fields": {"active": true, "prepared": false, "date": "2020-04-26T07:24:10.227Z", "customer": null, "credit_card": 1, "request": null, "total_price": null, "kitchen_note": null}}, {"model": "menu.transaction", "pk": 48, "fields": {"active": true, "prepared": false, "date": "2020-04-26T07:24:10.331Z", "customer": null, "credit_card": 1, "request": null, "total_price": null, "kitchen_note": null}}, {"model": "menu.transaction", "pk": 49, "fields": {"active": true, "prepared": false, "date": "2020-04-26T07:24:10.404Z", "customer": null, "credit_card": 1, "request": null, "total_price": null, "kitchen_note": null}}, {"model": "menu.transaction", "pk": 50, "fields": {"active": true, "prepared": false, "date": "2020-04-26T07:24:10.512Z", "customer": null, "credit_card": 1, "request": null, "total_price": null, "kitchen_note": null}}, {"model": "menu.assistance", "pk": 1, "fields": {"transaction": null, "waiter": ["MJ01"], "notes": null, "resolved": false, "date": "2020-04-26T07:24:10.653Z", "date_resolved": null, "problems": [1]}}, {"model": "menu.assistance", "pk": 2, "fields": {"transaction": null, "waiter": ["LL01"], "notes": null, "resolved": true, "date": "2020-04-26T07:24:10.678Z", "date_resolved": "2020-04-26T07:27:10.703Z", "problems": [1]}}, {"model": "menu.assistance", "pk": 3, "fields": {"transaction": null, "waiter": ["LL01"], "notes": null, "resolved": true, "date": "2020-04-26T07:24:10.711Z", "date_resolved": "2020-04-26T07:25:10.739Z", "problems": [1]}}, {"model": "menu.assistance", "pk": 4, "fields": {"transaction": null, "waiter": ["MJ01"], "notes": null, "resolved": true, "date": "2020-04-26T07:24:10.745Z", "date_resolved": "2020-04-26T07:28:10.757Z", "problems": [1]}}, {"model": "menu.assistance", "pk": 5, "fields": {"transaction": null, "waiter": ["JS01"], "notes": null, "resolved": true, "date": "2020-04-26T07:24:10.765Z", "date_resolved": "2020-04-26T07:27:10.779Z", "problems": [1]}}, {"model": "menu.assistance", "pk": 6, "fields": {"transaction": null, "waiter": ["LK02"], "notes": null, "resolved": true, "date": "2020-04-26T07:24:10.786Z", "date_resolved": "2020-04-26T07:27:10.799Z", "problems": [1]}}, {"model": "menu.assistance", "pk": 7, "fields": {"transaction": null, "waiter": ["LL01"], "notes": null, "resolved": true, "date": "2020-04-26T07:24:10.823Z", "date_resolved": "2020-04-26T07:28:10.850Z", "problems": [2]}}, {"model": "menu.assistance", "pk": 8, "fields": {"transaction": null, "waiter": ["MJ01"], "notes": null, "resolved": true, "date": "2020-04-26T07:24:10.858Z", "date_resolved": "2020-04-26T07:26:10.872Z", "problems": [2]}}, {"model": "menu.assistance", "pk": 9, "fields": {"transaction": null, "waiter": ["MJ01"], "notes": null, "resolved": true, "date": "2020-04-26T07:24:10.882Z", "date_resolved": "2020-04-26T07:26:10.903Z", "problems": [2]}}, {"model": "menu.assistance", "pk": 10, "fields": {"transaction": null, "waiter": ["LL01"], "notes": null, "resolved": true, "date": "2020-04-26T07:24:10.910Z", "date_resolved": "2020-04-26T07:25:10.923Z", "problems": [2]}}, {"model": "menu.assistance", "pk": 11, "fields": {"transaction": null, "waiter": ["LK02"], "notes": null, "resolved": true, "date": "2020-04-26T07:24:10.930Z", "date_resolved": "2020-04-26T07:26:10.944Z", "problems": [2]}}, {"model": "menu.assistance", "pk": 12, "fields": {"transaction": null, "waiter": ["LL01"], "notes": null, "resolved": true, "date": "2020-04-26T07:24:10.950Z", "date_resolved": "2020-04-26T07:26:10.964Z", "problems": [2]}}, {"model": "menu.assistance", "pk": 13, "fields": {"transaction": null, "waiter": ["LL01"], "notes": null, "resolved": false, "date": "2020-04-26T07:24:10.971Z", "date_resolved": null, "problems": [2]}}, {"model": "menu.assistance", "pk": 14, "fields": {"transaction": null, "waiter": ["LK02"], "notes": null, "resolved": true, "date": "2020-04-26T07:24:10.991Z", "date_resolved": "2020-04-26T07:27:11.005Z", "problems": [2]}}, {"model": "menu.assistance", "pk": 15, "fields": {"transaction": null, "waiter": ["LL01"], "notes": null, "resolved": true, "date": "2020-04-26T07:24:11.011Z", "date_resolved": "2020-04-26T07:28:11.036Z", "problems": [2]}}, {"model": "menu.assistance", "pk": 16, "fields": {"transaction": null, "waiter": ["LL01"], "notes": null, "resolved": true, "date": "2020-04-26T07:24:11.044Z", "date_resolved": "2020-04-26T07:28:11.072Z", "problems": [2]}}, {"model": "menu.assistance", "pk": 17, "fields": {"transaction": null, "waiter": ["LK02"], "notes": null, "resolved": true, "date": "2020-04-26T07:24:11.079Z", "date_resolved": "2020-04-26T07:25:11.091Z", "problems": [2]}}, {"model": "menu.assistance", "pk": 18, "fields": {"transaction": null, "waiter": ["LK02"], "notes": null, "resolved": true, "date": "2020-04-26T07:24:11.098Z", "date_resolved": "2020-04-26T07:26:11.111Z", "problems": [2]}}, {"model": "menu.assistance", "pk": 19, "fields": {"transaction": null, "waiter": ["LK02"], "notes": null, "resolved": true, "date": "2020-04-26T07:24:11.117Z", "date_resolved": "2020-04-26T07:27:11.131Z", "problems": [2]}}, {"model": "menu.assistance", "pk": 20, "fields": {"transaction": null, "waiter": ["MJ01"], "notes": null, "resolved": true, "date": "2020-04-26T07:24:11.140Z", "date_resolved": "2020-04-26T07:26:11.169Z", "problems": [3]}}, {"model": "menu.assistance", "pk": 21, "fields": {"transaction": null, "waiter": ["MJ01"], "notes": null, "resolved": true, "date": "2020-04-26T07:24:11.176Z", "date_resolved": "2020-04-26T07:26:11.191Z", "problems": [3]}}, {"model": "menu.assistance", "pk": 22, "fields": {"transaction": null, "waiter": ["JS01"], "notes": null, "resolved": true, "date": "2020-04-26T07:24:11.198Z", "date_resolved": "2020-04-26T07:27:11.220Z", "problems": [3]}}, {"model": "menu.assistance", "pk": 23, "fields": {"transaction": null, "waiter": ["MJ01"], "notes": null, "resolved": true, "date": "2020-04-26T07:24:11.226Z", "date_resolved": "2020-04-26T07:26:11.247Z", "problems": [3]}}, {"model": "menu.assistance", "pk": 24, "fields": {"transaction": null, "waiter": ["MJ01"], "notes": null, "resolved": true, "date": "2020-04-26T07:24:11.256Z", "date_resolved": "2020-04-26T07:27:11.269Z", "problems": [3]}}, {"model": "menu.assistance", "pk": 25, "fields": {"transaction": null, "waiter": ["LL01"], "notes": null, "resolved": false, "date": "2020-04-26T07:24:11.276Z", "date_resolved": null, "problems": [3]}}, {"model": "menu.assistance", "pk": 26, "fields": {"transaction": null, "waiter": ["MJ01"], "notes": null, "resolved": true, "date": "2020-04-26T07:24:11.298Z", "date_resolved": "2020-04-26T07:26:11.315Z", "problems": [3]}}, {"model": "menu.assistance", "pk": 27, "fields": {"transaction": null, "waiter": ["LL01"], "notes": null, "resolved": true, "date": "2020-04-26T07:24:11.322Z", "date_resolved": "2020-04-26T07:26:11.337Z", "problems": [3]}}, {"model": "menu.assistance", "pk": 28, "fields": {"transaction": null, "waiter": ["JS01"], "notes": null, "resolved": true, "date": "2020-04-26T07:24:11.348Z", "date_resolved": "2020-04-26T07:29:11.363Z", "problems": [3]}}, {"model": "menu.assistance", "pk": 29, "fields": {"transaction": null, "waiter": ["LK02"], "notes": null, "resolved": true, "date": "2020-04-26T07:24:11.383Z", "date_resolved": "2020-04-26T07:25:11.399Z", "problems": [3]}}, {"model": "menu.assistance", "pk": 30, "fields": {"transaction": null, "waiter": ["MJ01"], "notes": null, "resolved": true, "date": "2020-04-26T07:24:11.407Z", "date_resolved": "2020-04-26T07:25:11.425Z", "problems": [3]}}, {"model": "menu.assistance", "pk": 31, "fields": {"transaction": null, "waiter": ["MJ01"], "notes": null, "resolved": true, "date": "2020-04-26T07:24:11.433Z", "date_resolved": "2020-04-26T07:29:11.457Z", "problems": [3]}}, {"model": "menu.assistance", "pk": 32, "fields": {"transaction": null, "waiter": ["LL01"], "notes": null, "resolved": true, "date": "2020-04-26T07:24:11.466Z", "date_resolved": "2020-04-26T07:27:11.489Z", "problems": [3]}}, {"model": "menu.assistance", "pk": 33, "fields": {"transaction": null, "waiter": ["MJ01"], "notes": null, "resolved": true, "date": "2020-04-26T07:24:11.496Z", "date_resolved": "2020-04-26T07:26:11.512Z", "problems": [3]}}, {"model": "menu.assistance", "pk": 34, "fields": {"transaction": null, "waiter": ["JS01"], "notes": null, "resolved": true, "date": "2020-04-26T07:24:11.518Z", "date_resolved": "2020-04-26T07:25:11.531Z", "problems": [3]}}, {"model": "menu.assistance", "pk": 35, "fields": {"transaction": null, "waiter": ["LL01"], "notes": null, "resolved": true, "date": "2020-04-26T07:24:11.540Z", "date_resolved": "2020-04-26T07:25:11.563Z", "problems": [3]}}, {"model": "menu.assistance", "pk": 36, "fields": {"transaction": null, "waiter": ["LL01"], "notes": null, "resolved": true, "date": "2020-04-26T07:24:11.575Z", "date_resolved": "2020-04-26T07:26:11.598Z", "problems": [3]}}, {"model": "menu.assistance", "pk": 37, "fields": {"transaction": null, "waiter": ["LL01"], "notes": null, "resolved": false, "date": "2020-04-26T07:24:11.606Z", "date_resolved": null, "problems": [4]}}, {"model": "menu.assistance", "pk": 38, "fields": {"transaction": null, "waiter": ["MJ01"], "notes": null, "resolved": true, "date": "2020-04-26T07:24:11.642Z", "date_resolved": "2020-04-26T07:25:11.655Z", "problems": [4]}}, {"model": "menu.assistance", "pk": 39, "fields": {"transaction": null, "waiter": ["LK02"], "notes": null, "resolved": true, "date": "2020-04-26T07:24:11.660Z", "date_resolved": "2020-04-26T07:27:11.676Z", "problems": [4]}}, {"model": "menu.assistance", "pk": 40, "fields": {"transaction": null, "waiter": ["LK02"], "notes": null, "resolved": true, "date": "2020-04-26T07:24:11.682Z", "date_resolved": "2020-04-26T07:26:11.695Z", "problems": [4]}}, {"model": "menu.assistance", "pk": 41, "fields": {"transaction": null, "waiter": ["LL01"], "notes": null, "resolved": true, "date": "2020-04-26T07:24:11.702Z", "date_resolved": "2020-04-26T07:25:11.714Z", "problems": [4]}}, {"model": "menu.assistance", "pk": 42, "fields": {"transaction": null, "waiter": ["LL01"], "notes": null, "resolved": true, "date": "2020-04-26T07:24:11.721Z", "date_resolved": "2020-04-26T07:26:11.744Z", "problems": [4]}}, {"model": "menu.assistance", "pk": 43, "fields": {"transaction": null, "waiter": ["LK02"], "notes": null, "resolved": true, "date": "2020-04-26T07:24:11.751Z", "date_resolved": "2020-04-26T07:25:11.764Z", "problems": [4]}}, {"model": "menu.assistance", "pk": 44, "fields": {"transaction": null, "waiter": ["LK02"], "notes": null, "resolved": true, "date": "2020-04-26T07:24:11.807Z", "date_resolved": "2020-04-26T07:25:11.824Z", "problems": [4]}}, {"model": "menu.assistance", "pk": 45, "fields": {"transaction": null, "waiter": ["LK02"], "notes": null, "resolved": true, "date": "2020-04-26T07:24:11.832Z", "date_resolved": "2020-04-26T07:29:11.847Z", "problems": [4]}}, {"model": "menu.assistance", "pk": 46, "fields": {"transaction": null, "waiter": ["LK02"], "notes": null, "resolved": true, "date": "2020-04-26T07:24:11.853Z", "date_resolved": "2020-04-26T07:28:11.866Z", "problems": [4]}}, {"model": "menu.assistance", "pk": 47, "fields": {"transaction": null, "waiter": ["LK02"], "notes": null, "resolved": true, "date": "2020-04-26T07:24:11.873Z", "date_resolved": "2020-04-26T07:25:11.885Z", "problems": [4]}}, {"model": "menu.assistance", "pk": 48, "fields": {"transaction": null, "waiter": ["MJ01"], "notes": null, "resolved": true, "date": "2020-04-26T07:24:11.891Z", "date_resolved": "2020-04-26T07:28:11.919Z", "problems": [5]}}, {"model": "menu.assistance", "pk": 49, "fields": {"transaction": null, "waiter": ["LK02"], "notes": null, "resolved": false, "date": "2020-04-26T07:24:11.926Z", "date_resolved": null, "problems": [5]}}, {"model": "menu.assistance", "pk": 50, "fields": {"transaction": null, "waiter": ["JS01"], "notes": null, "resolved": true, "date": "2020-04-26T07:24:11.953Z", "date_resolved": "2020-04-26T07:27:11.967Z", "problems": [5]}}, {"model": "menu.assistance", "pk": 51, "fields": {"transaction": null, "waiter": ["MJ01"], "notes": null, "resolved": true, "date": "2020-04-26T07:24:11.973Z", "date_resolved": "2020-04-26T07:27:11.989Z", "problems": [5]}}, {"model": "menu.assistance", "pk": 52, "fields": {"transaction": null, "waiter": ["LK02"], "notes": null, "resolved": true, "date": "2020-04-26T07:24:11.999Z", "date_resolved": "2020-04-26T07:27:12.032Z", "problems": [6]}}, {"model": "menu.assistance", "pk": 53, "fields": {"transaction": null, "waiter": ["LL01"], "notes": null, "resolved": true, "date": "2020-04-26T07:24:12.040Z", "date_resolved": "2020-04-26T07:27:12.067Z", "problems": [7]}}, {"model": "menu.assistance", "pk": 54, "fields": {"transaction": null, "waiter": ["JS01"], "notes": null, "resolved": true, "date": "2020-04-26T07:24:12.075Z", "date_resolved": "2020-04-26T07:25:12.090Z", "problems": [7]}}, {"model": "menu.assistance", "pk": 55, "fields": {"transaction": null, "waiter": ["JS01"], "notes": null, "resolved": true, "date": "2020-04-26T07:24:12.099Z", "date_resolved": "2020-04-26T07:25:12.124Z", "problems": [7]}}, {"model": "menu.assistance", "pk": 56, "fields": {"transaction": null, "waiter": ["JS01"], "notes": null, "resolved": true, "date": "2020-04-26T07:24:12.131Z", "date_resolved": "2020-04-26T07:25:12.153Z", "problems": [8]}}, {"model": "menu.assistance", "pk": 57, "fields": {"transaction": null, "waiter": ["MJ01"], "notes": null, "resolved": true, "date": "2020-04-26T07:24:12.161Z", "date_resolved": "2020-04-26T07:27:12.175Z", "problems": [8]}}, {"model": "menu.assistance", "pk": 58, "fields": {"transaction": null, "waiter": ["LL01"], "notes": null, "resolved": true, "date": "2020-04-26T07:24:12.182Z", "date_resolved": "2020-04-26T07:28:12.203Z", "problems": [9]}}, {"model": "menu.assistance", "pk": 59, "fields": {"transaction": null, "waiter": ["JS01"], "notes": null, "resolved": true, "date": "2020-04-26T07:24:12.210Z", "date_resolved": "2020-04-26T07:28:12.223Z", "problems": [9]}}, {"model": "menu.assistance", "pk": 60, "fields": {"transaction": null, "waiter": ["LK02"], "notes": null, "resolved": true, "date": "2020-04-26T07:24:12.229Z", "date_resolved": "2020-04-26T07:27:12.249Z", "problems": [9]}}, {"model": "menu.assistance", "pk": 61, "fields": {"transaction": null, "waiter": ["LL01"], "notes": null, "resolved": true, "date": "2020-04-26T07:24:12.255Z", "date_resolved": "2020-04-26T07:29:12.290Z", "problems": [10]}}, {"model": "menu.assistance", "pk": 62, "fields": {"transaction": null, "waiter": ["JS01"], "notes": null, "resolved": true, "date": "2020-04-26T07:24:12.298Z", "date_resolved": "2020-04-26T07:28:12.319Z", "problems": [10]}}]